total_instances,completed_instances,failed_instances,preemptions,busy_time,energy_sum,overhead_proxy,failure_rate,avg_execution_time,total_idle_time,avg_energy_level,algorithm,battery_capacity
2092.25,91.05,3982.4,1.15,856.4,41.71276249999895,6.25905,1.9027510805087426,9.382860978516016,39143.6,0.006703102771188646,gpfp_st_block,1.0
2092.25,274.45,3615.6,1.1,2575.95,372.5948350000034,6.25895,1.7263482934101706,9.383531734937057,37424.05,0.059899666588629816,gpfp_st_block,3.0
2092.25,459.25,3246.0,0.75,4297.9,1034.1274500000347,6.25825,1.5485746262939089,9.354181445898167,35702.1,0.1662750140636993,gpfp_st_block,5.0
2092.25,916.55,2331.4,1.45,8576.5,4129.733892499955,6.25965,1.1087506447191875,9.353909035617274,31423.5,0.6638828163742209,gpfp_st_block,10.0
2092.25,1374.55,1415.4,1.3,12864.85,9288.494017500007,6.259350000000001,0.6681391578298049,9.355706936291599,27135.15,1.4933136426849343,gpfp_st_block,15.0
2092.25,1937.1,300.2,0.55,17945.2,24733.958055000043,6.268800000000001,0.1382127995531062,9.345014863727954,22054.8,3.9665259979539753,gpfp_st_block,25.0
2092.25,2090.15,0.0,0.0,19363.3,52378.44524749995,6.27465,0.0,9.341092359725408,20636.7,8.372718789019236,gpfp_st_block,40.0
2092.25,2090.15,0.0,0.0,19363.3,90026.26593249998,6.27465,0.0,9.341092359725407,20636.7,14.37270592389103,gpfp_st_block,60.0
